{
  "name": "concapedesegment",
  "creatureType": "insect",
  "groups": [
    "animal"
  ],
  "entityClass": "com.lycanitesmobs.core.entity.creature.EntityConcapedeSegment",
  "modelClass": "com.lycanitesmobs.client.model.creature.ModelConcapedeSegment",
  "loadDefault": true,
  "enabled": true,
  "spawning": {
    "enabled": false,
    "spawners": [],
    "disableSubspecies": false,
    "dimensionIds": [
      -1,
      1
    ],
    "dimensionListType": "blacklist",
    "ignoreBiome": false,
    "biomeTags": [
      "jungle"
    ],
    "spawnWeight": 8,
    "dungeonWeight": 0,
    "spawnAreaLimit": 5,
    "spawnGroupMin": 1,
    "spawnGroupMax": 3,
    "spawnsInLight": true,
    "spawnsInDark": false,
    "worldDayMin": -1,
    "despawnNatural": false,
    "despawnForced": false
  },
  "width": 0.9,
  "height": 0.9,
  "experience": 5,
  "health": 5,
  "defense": 0,
  "armor": 0,
  "speed": 30,
  "damage": 1,
  "attackSpeed": 1,
  "rangedSpeed": 1,
  "effectDuration": 5,
  "effectAmplifier": 0,
  "pierce": 1,
  "sight": 24,
  "knockbackResistance": 0,
  "bagSize": 5,
  "eggBackColor": "#000022",
  "eggForeColor": "#990000",
  "subspecies": [
    {
      "index": 0,
      "variants": [
        {
          "index": 1,
          "name": "azure",
          "type": "uncommon"
        },
        {
          "index": 2,
          "name": "verdant",
          "type": "uncommon"
        }
      ]
    }
  ],
  "element": "arbour",
  "diets": [
    "frugivore"
  ],
  "peaceful": true,
  "farmable": false,
  "summonable": false,
  "tameable": false,
  "mountable": false,
  "summonCost": 1,
  "dungeonLevel": 2,
  "drops": [
    {
      "item": "minecraft:string",
      "minAmount": 1,
      "maxAmount": 2,
      "chance": 1
    },
    {
      "item": "lycanitesmobs:raw_concapede_meat",
      "burningItem": "lycanitesmobs:cooked_concapede_meat",
      "minAmount": 1,
      "maxAmount": 1,
      "chance": 1
    }
  ],
  "sizeScale": 1,
  "hitboxScale": 1
}