{
  "name": "lurker",
  "creatureType": "insect",
  "groups": [
    "predator"
  ],
  "entityClass": "com.lycanitesmobs.core.entity.creature.EntityLurker",
  "modelClass": "com.lycanitesmobs.client.model.creature.ModelLurker",
  "loadDefault": true,
  "enabled": true,
  "spawning": {
    "enabled": true,
    "spawners": [
      "monster",
      "beast"
    ],
    "disableSubspecies": false,
    "dimensionIds": [
      -1,
      1
    ],
    "dimensionListType": "blacklist",
    "ignoreBiome": false,
    "biomeTags": [
      "swamp",
      "spooky",
      "forest",
      "-cold"
    ],
    "spawnWeight": 8,
    "dungeonWeight": 200,
    "spawnAreaLimit": 5,
    "spawnGroupMin": 1,
    "spawnGroupMax": 3,
    "spawnsInLight": false,
    "spawnsInDark": true,
    "worldDayMin": -1,
    "despawnNatural": true,
    "despawnForced": false
  },
  "width": 0.8,
  "height": 1.5,
  "experience": 10,
  "health": 15,
  "defense": 0,
  "armor": 0,
  "speed": 32,
  "damage": 2,
  "attackSpeed": 1,
  "rangedSpeed": 1,
  "effectDuration": 5,
  "effectAmplifier": 1,
  "pierce": 1,
  "sight": 24,
  "knockbackResistance": 0,
  "bagSize": 5,
  "tamingReputation": 250,
  "eggBackColor": "#009900",
  "eggForeColor": "#99FF00",
  "subspecies": [
    {
      "index": 0,
      "variants": [
        {
          "index": 1,
          "name": "ashen",
          "type": "uncommon"
        },
        {
          "index": 2,
          "name": "verdant",
          "type": "uncommon"
        }
      ]
    }
  ],
  "elements": [
    "poison",
    "chaos"
  ],
  "diets": [
    "carnivore",
    "piscivore",
    "insectivore",
    "frugivore",
    "fungivore"
  ],
  "peaceful": false,
  "summonable": false,
  "tameable": true,
  "mountable": false,
  "summonCost": 4,
  "dungeonLevel": 1,
  "drops": [
    {
      "item": "minecraft:string",
      "minAmount": 2,
      "maxAmount": 5,
      "chance": 1
    },
    {
      "item": "minecraft:leather",
      "minAmount": 2,
      "maxAmount": 3,
      "chance": 0.25
    },
    {
      "item": "lycanitesmobs:poisongland",
      "minAmount": 1,
      "maxAmount": 2,
      "chance": 1
    }
  ],
  "sizeScale": 1,
  "hitboxScale": 1
}